frame_index,system_relative_time,utc_timestamp,content_width,content_height
0,1294531335369,2026-04-22T04:16:30.194,1920,1080
1,1294532335475,2026-04-22T04:16:30.294,1920,1080
2,1294533335422,2026-04-22T04:16:30.394,1920,1080
3,1294534502059,2026-04-22T04:16:30.510,1920,1080
4,1294535668617,2026-04-22T04:16:30.627,1920,1080
5,1294536501880,2026-04-22T04:16:30.710,1920,1080
6,1294537501866,2026-04-22T04:16:30.810,1920,1080
7,1294538501869,2026-04-22T04:16:30.910,1920,1080
8,1294539501806,2026-04-22T04:16:31.010,1920,1080
9,1294540501792,2026-04-22T04:16:31.110,1920,1080
10,1294541501799,2026-04-22T04:16:31.210,1920,1080
11,1294542501807,2026-04-22T04:16:31.310,1920,1080
12,1294543501767,2026-04-22T04:16:31.410,1920,1080
13,1294544501735,2026-04-22T04:16:31.510,1920,1080
14,1294545501752,2026-04-22T04:16:31.610,1920,1080
15,1294546668417,2026-04-22T04:16:31.727,1920,1080
16,1294547501807,2026-04-22T04:16:31.810,1920,1080
17,1294548668468,2026-04-22T04:16:31.927,1920,1080
18,1294549501790,2026-04-22T04:16:32.010,1920,1080
19,1294550501792,2026-04-22T04:16:32.110,1920,1080
20,1294551501783,2026-04-22T04:16:32.210,1920,1080
21,1294552668448,2026-04-22T04:16:32.327,1920,1080
22,1294553835092,2026-04-22T04:16:32.444,1920,1080
23,1294554501758,2026-04-22T04:16:32.510,1920,1080
24,1294555835072,2026-04-22T04:16:32.644,1920,1080
25,1294556501729,2026-04-22T04:16:32.710,1920,1080
26,1294557501715,2026-04-22T04:16:32.810,1920,1080
27,1294558501693,2026-04-22T04:16:32.910,1920,1080
28,1294559835015,2026-04-22T04:16:33.044,1920,1080
29,1294560501682,2026-04-22T04:16:33.110,1920,1080
30,1294561835008,2026-04-22T04:16:33.244,1920,1080
31,1294562501693,2026-04-22T04:16:33.310,1920,1080
32,1294563501723,2026-04-22T04:16:33.410,1920,1080
33,1294564668368,2026-04-22T04:16:33.527,1920,1080
34,1294565501672,2026-04-22T04:16:33.610,1920,1080
35,1294566501662,2026-04-22T04:16:33.710,1920,1080
36,1294567834988,2026-04-22T04:16:33.844,1920,1080
37,1294568501651,2026-04-22T04:16:33.910,1920,1080
38,1294569834970,2026-04-22T04:16:34.044,1920,1080
39,1294570501625,2026-04-22T04:16:34.110,1920,1080
40,1294571834942,2026-04-22T04:16:34.244,1920,1080
41,1294572501609,2026-04-22T04:16:34.310,1920,1080
42,1294573834935,2026-04-22T04:16:34.444,1920,1080
43,1294574501589,2026-04-22T04:16:34.510,1920,1080
44,1294575834916,2026-04-22T04:16:34.644,1920,1080
45,1294576501570,2026-04-22T04:16:34.710,1920,1080
46,1294577834911,2026-04-22T04:16:34.844,1920,1080
47,1294578501583,2026-04-22T04:16:34.910,1920,1080
48,1294579834893,2026-04-22T04:16:35.044,1920,1080
49,1294580501544,2026-04-22T04:16:35.110,1920,1080
50,1294581834866,2026-04-22T04:16:35.244,1920,1080
51,1294582501526,2026-04-22T04:16:35.310,1920,1080
52,1294583834841,2026-04-22T04:16:35.444,1920,1080
53,1294584501499,2026-04-22T04:16:35.510,1920,1080
54,1294585834827,2026-04-22T04:16:35.644,1920,1080
55,1294586501492,2026-04-22T04:16:35.710,1920,1080
56,1294587834795,2026-04-22T04:16:35.844,1920,1080
57,1294588501448,2026-04-22T04:16:35.910,1920,1080
58,1294589834773,2026-04-22T04:16:36.044,1920,1080
59,1294590501436,2026-04-22T04:16:36.110,1920,1080
60,1294591834761,2026-04-22T04:16:36.244,1920,1080
61,1294592501412,2026-04-22T04:16:36.310,1920,1080
62,1294593834723,2026-04-22T04:16:36.444,1920,1080
63,1294594501381,2026-04-22T04:16:36.510,1920,1080
64,1294595501378,2026-04-22T04:16:36.610,1920,1080
65,1294596501365,2026-04-22T04:16:36.710,1920,1080
66,1294597501338,2026-04-22T04:16:36.810,1920,1080
67,1294598501308,2026-04-22T04:16:36.910,1920,1080
68,1294599834624,2026-04-22T04:16:37.044,1920,1080
69,1294600501278,2026-04-22T04:16:37.110,1920,1080
70,1294601501268,2026-04-22T04:16:37.210,1920,1080
71,1294602501254,2026-04-22T04:16:37.310,1920,1080
72,1294603501234,2026-04-22T04:16:37.410,1920,1080
73,1294604834538,2026-04-22T04:16:37.544,1920,1080
74,1294605501218,2026-04-22T04:16:37.610,1920,1080
75,1294606834551,2026-04-22T04:16:37.744,1920,1080
76,1294607501212,2026-04-22T04:16:37.810,1920,1080
77,1294608834539,2026-04-22T04:16:37.944,1920,1080
78,1294609501198,2026-04-22T04:16:38.010,1920,1080
79,1294610834512,2026-04-22T04:16:38.144,1920,1080
80,1294611501167,2026-04-22T04:16:38.210,1920,1080
81,1294612667809,2026-04-22T04:16:38.327,1920,1080
82,1294613501151,2026-04-22T04:16:38.410,1920,1080
83,1294614501129,2026-04-22T04:16:38.510,1920,1080
84,1294615501099,2026-04-22T04:16:38.610,1920,1080
85,1294616501080,2026-04-22T04:16:38.710,1920,1080
86,1294617501062,2026-04-22T04:16:38.810,1920,1080
87,1294618501039,2026-04-22T04:16:38.910,1920,1080
88,1294619501029,2026-04-22T04:16:39.010,1920,1080
89,1294620501016,2026-04-22T04:16:39.110,1920,1080
90,1294621501002,2026-04-22T04:16:39.210,1920,1080
91,1294622500985,2026-04-22T04:16:39.310,1920,1080
92,1294623500962,2026-04-22T04:16:39.410,1920,1080
93,1294624500946,2026-04-22T04:16:39.510,1920,1080
94,1294625834258,2026-04-22T04:16:39.644,1920,1080
95,1294626500911,2026-04-22T04:16:39.710,1920,1080
96,1294627834234,2026-04-22T04:16:39.844,1920,1080
97,1294628500901,2026-04-22T04:16:39.910,1920,1080
98,1294629834227,2026-04-22T04:16:40.044,1920,1080
99,1294630500882,2026-04-22T04:16:40.110,1920,1080
100,1294631834205,2026-04-22T04:16:40.244,1920,1080
101,1294632500867,2026-04-22T04:16:40.310,1920,1080
102,1294633834196,2026-04-22T04:16:40.444,1920,1080
103,1294634500857,2026-04-22T04:16:40.510,1920,1080
104,1294635834172,2026-04-22T04:16:40.644,1920,1080
105,1294636500817,2026-04-22T04:16:40.710,1920,1080
106,1294637834118,2026-04-22T04:16:40.844,1920,1080
107,1294638500775,2026-04-22T04:16:40.910,1920,1080
108,1294639834077,2026-04-22T04:16:41.044,1920,1080
109,1294640500727,2026-04-22T04:16:41.110,1920,1080
110,1294641834062,2026-04-22T04:16:41.244,1920,1080
111,1294642500726,2026-04-22T04:16:41.310,1920,1080
112,1294643834045,2026-04-22T04:16:41.444,1920,1080
113,1294644500703,2026-04-22T04:16:41.510,1920,1080
114,1294647333981,2026-04-22T04:16:41.794,1920,1080
115,1294647500649,2026-04-22T04:16:41.810,1920,1080
116,1294648500631,2026-04-22T04:16:41.910,1920,1080
117,1294649500607,2026-04-22T04:16:42.010,1920,1080
118,1294650500594,2026-04-22T04:16:42.110,1920,1080
119,1294651500579,2026-04-22T04:16:42.210,1920,1080
120,1294653501259,2026-04-22T04:16:42.410,1920,1080
121,1294654500350,2026-04-22T04:16:42.510,1920,1080
122,1294655500490,2026-04-22T04:16:42.610,1920,1080
123,1294656500159,2026-04-22T04:16:42.710,1920,1080
124,1294657500259,2026-04-22T04:16:42.810,1920,1080
125,1294658500252,2026-04-22T04:16:42.910,1920,1080
126,1294659500271,2026-04-22T04:16:43.010,1920,1080
127,1294660500267,2026-04-22T04:16:43.110,1920,1080
128,1294661500218,2026-04-22T04:16:43.210,1920,1080
129,1294662500219,2026-04-22T04:16:43.310,1920,1080
130,1294663500211,2026-04-22T04:16:43.410,1920,1080
131,1294664500211,2026-04-22T04:16:43.510,1920,1080
132,1294665500186,2026-04-22T04:16:43.610,1920,1080
133,1294666500226,2026-04-22T04:16:43.710,1920,1080
134,1294667500224,2026-04-22T04:16:43.810,1920,1080
135,1294668500185,2026-04-22T04:16:43.910,1920,1080
136,1294669500148,2026-04-22T04:16:44.010,1920,1080
137,1294670500107,2026-04-22T04:16:44.110,1920,1080
138,1294671500076,2026-04-22T04:16:44.210,1920,1080
139,1294672500057,2026-04-22T04:16:44.310,1920,1080
140,1294673666699,2026-04-22T04:16:44.427,1920,1080
141,1294674500015,2026-04-22T04:16:44.510,1920,1080
142,1294675500018,2026-04-22T04:16:44.610,1920,1080
143,1294676500016,2026-04-22T04:16:44.710,1920,1080
144,1294677500000,2026-04-22T04:16:44.810,1920,1080
145,1294678499995,2026-04-22T04:16:44.910,1920,1080
146,1294679499977,2026-04-22T04:16:45.010,1920,1080
147,1294680499956,2026-04-22T04:16:45.110,1920,1080
148,1294681499940,2026-04-22T04:16:45.210,1920,1080
149,1294682499928,2026-04-22T04:16:45.310,1920,1080
150,1294683499934,2026-04-22T04:16:45.410,1920,1080
151,1294684499912,2026-04-22T04:16:45.510,1920,1080
152,1294685499919,2026-04-22T04:16:45.610,1920,1080
153,1294686499908,2026-04-22T04:16:45.710,1920,1080
154,1294687499915,2026-04-22T04:16:45.810,1920,1080
155,1294691500314,2026-04-22T04:16:46.210,1920,1080
156,1294692499739,2026-04-22T04:16:46.310,1920,1080
157,1294693499628,2026-04-22T04:16:46.410,1920,1080
158,1294694499624,2026-04-22T04:16:46.510,1920,1080
159,1294695499621,2026-04-22T04:16:46.610,1920,1080
160,1294696499628,2026-04-22T04:16:46.710,1920,1080
161,1294697499636,2026-04-22T04:16:46.810,1920,1080
162,1294698499629,2026-04-22T04:16:46.910,1920,1080
163,1294699499629,2026-04-22T04:16:47.010,1920,1080
164,1294700499620,2026-04-22T04:16:47.110,1920,1080
165,1294701499608,2026-04-22T04:16:47.210,1920,1080
166,1294702499599,2026-04-22T04:16:47.310,1920,1080
167,1294703499582,2026-04-22T04:16:47.410,1920,1080
168,1294704499617,2026-04-22T04:16:47.510,1920,1080
169,1294705499736,2026-04-22T04:16:47.610,1920,1080
170,1294706499792,2026-04-22T04:16:47.710,1920,1080
171,1294707499862,2026-04-22T04:16:47.810,1920,1080
172,1294708499864,2026-04-22T04:16:47.910,1920,1080
173,1294709499828,2026-04-22T04:16:48.010,1920,1080
174,1294710499805,2026-04-22T04:16:48.110,1920,1080
175,1294711499781,2026-04-22T04:16:48.210,1920,1080
176,1294712499759,2026-04-22T04:16:48.310,1920,1080
177,1294713499745,2026-04-22T04:16:48.410,1920,1080
178,1294714499739,2026-04-22T04:16:48.510,1920,1080
179,1294715499728,2026-04-22T04:16:48.610,1920,1080
180,1294716499725,2026-04-22T04:16:48.710,1920,1080
181,1294717499748,2026-04-22T04:16:48.810,1920,1080
182,1294718499714,2026-04-22T04:16:48.910,1920,1080
183,1294719499696,2026-04-22T04:16:49.010,1920,1080
184,1294720499687,2026-04-22T04:16:49.110,1920,1080
185,1294721499668,2026-04-22T04:16:49.210,1920,1080
186,1294722499654,2026-04-22T04:16:49.310,1920,1080
187,1294723499652,2026-04-22T04:16:49.410,1920,1080
188,1294724499648,2026-04-22T04:16:49.510,1920,1080
189,1294725499630,2026-04-22T04:16:49.610,1920,1080
190,1294726499620,2026-04-22T04:16:49.710,1920,1080
191,1294727499601,2026-04-22T04:16:49.810,1920,1080
192,1294728499597,2026-04-22T04:16:49.910,1920,1080
193,1294729499575,2026-04-22T04:16:50.010,1920,1080
194,1294730499554,2026-04-22T04:16:50.110,1920,1080
195,1294731499537,2026-04-22T04:16:50.210,1920,1080
196,1294732499526,2026-04-22T04:16:50.310,1920,1080
197,1294733499511,2026-04-22T04:16:50.410,1920,1080
198,1294734499494,2026-04-22T04:16:50.510,1920,1080
199,1294735499472,2026-04-22T04:16:50.610,1920,1080
200,1294736499462,2026-04-22T04:16:50.710,1920,1080
201,1294737499431,2026-04-22T04:16:50.810,1920,1080
202,1294738499424,2026-04-22T04:16:50.910,1920,1080
203,1294739499393,2026-04-22T04:16:51.010,1920,1080
204,1294740499380,2026-04-22T04:16:51.110,1920,1080
205,1294741499358,2026-04-22T04:16:51.210,1920,1080
206,1294742499342,2026-04-22T04:16:51.310,1920,1080
207,1294743499310,2026-04-22T04:16:51.410,1920,1080
208,1294744499281,2026-04-22T04:16:51.510,1920,1080
209,1294745499266,2026-04-22T04:16:51.610,1920,1080
210,1294746499232,2026-04-22T04:16:51.710,1920,1080
211,1294747499233,2026-04-22T04:16:51.810,1920,1080
212,1294748499222,2026-04-22T04:16:51.910,1920,1080
213,1294749499213,2026-04-22T04:16:52.010,1920,1080
214,1294750499219,2026-04-22T04:16:52.110,1920,1080
215,1294751499207,2026-04-22T04:16:52.210,1920,1080
216,1294752499209,2026-04-22T04:16:52.310,1920,1080
217,1294753499198,2026-04-22T04:16:52.410,1920,1080
218,1294754499163,2026-04-22T04:16:52.510,1920,1080
219,1294755499160,2026-04-22T04:16:52.610,1920,1080
220,1294756499160,2026-04-22T04:16:52.710,1920,1080
221,1294757499136,2026-04-22T04:16:52.810,1920,1080
222,1294758499123,2026-04-22T04:16:52.910,1920,1080
223,1294759499110,2026-04-22T04:16:53.010,1920,1080
224,1294760499111,2026-04-22T04:16:53.110,1920,1080
225,1294761499089,2026-04-22T04:16:53.210,1920,1080
226,1294762499076,2026-04-22T04:16:53.310,1920,1080
227,1294763499058,2026-04-22T04:16:53.410,1920,1080
228,1294764499022,2026-04-22T04:16:53.510,1920,1080
229,1294765498997,2026-04-22T04:16:53.610,1920,1080
230,1294766498973,2026-04-22T04:16:53.710,1920,1080
231,1294767498975,2026-04-22T04:16:53.810,1920,1080
232,1294768498968,2026-04-22T04:16:53.910,1920,1080
233,1294769498967,2026-04-22T04:16:54.010,1920,1080
234,1294770498956,2026-04-22T04:16:54.110,1920,1080
235,1294771498956,2026-04-22T04:16:54.210,1920,1080
236,1294772498940,2026-04-22T04:16:54.310,1920,1080
237,1294773498928,2026-04-22T04:16:54.410,1920,1080
238,1294774498901,2026-04-22T04:16:54.510,1920,1080
239,1294775498877,2026-04-22T04:16:54.610,1920,1080
240,1294776498857,2026-04-22T04:16:54.710,1920,1080
241,1294777498835,2026-04-22T04:16:54.810,1920,1080
242,1294778498827,2026-04-22T04:16:54.910,1920,1080
243,1294779498813,2026-04-22T04:16:55.010,1920,1080
244,1294780498785,2026-04-22T04:16:55.110,1920,1080
245,1294781498769,2026-04-22T04:16:55.210,1920,1080
246,1294782498761,2026-04-22T04:16:55.310,1920,1080
247,1294783498756,2026-04-22T04:16:55.410,1920,1080
248,1294784498748,2026-04-22T04:16:55.510,1920,1080
249,1294785498750,2026-04-22T04:16:55.610,1920,1080
250,1294786498732,2026-04-22T04:16:55.710,1920,1080
251,1294787498711,2026-04-22T04:16:55.810,1920,1080
252,1294788498708,2026-04-22T04:16:55.910,1920,1080
253,1294789498698,2026-04-22T04:16:56.010,1920,1080
254,1294790498686,2026-04-22T04:16:56.110,1920,1080
255,1294791498674,2026-04-22T04:16:56.210,1920,1080
256,1294792498661,2026-04-22T04:16:56.310,1920,1080
257,1294793498659,2026-04-22T04:16:56.410,1920,1080
258,1294794498650,2026-04-22T04:16:56.510,1920,1080
259,1294795498643,2026-04-22T04:16:56.610,1920,1080
260,1294796498622,2026-04-22T04:16:56.710,1920,1080
261,1294797498602,2026-04-22T04:16:56.810,1920,1080
262,1294798498587,2026-04-22T04:16:56.910,1920,1080
263,1294799498581,2026-04-22T04:16:57.010,1920,1080
264,1294800498564,2026-04-22T04:16:57.110,1920,1080
265,1294801498545,2026-04-22T04:16:57.210,1920,1080
266,1294802498534,2026-04-22T04:16:57.310,1920,1080
267,1294803498526,2026-04-22T04:16:57.410,1920,1080
268,1294804498518,2026-04-22T04:16:57.510,1920,1080
269,1294805498501,2026-04-22T04:16:57.610,1920,1080
270,1294806498474,2026-04-22T04:16:57.710,1920,1080
271,1294807498461,2026-04-22T04:16:57.810,1920,1080
272,1294808498435,2026-04-22T04:16:57.910,1920,1080
273,1294809498427,2026-04-22T04:16:58.010,1920,1080
274,1294810498425,2026-04-22T04:16:58.110,1920,1080
275,1294811498415,2026-04-22T04:16:58.210,1920,1080
276,1294812498424,2026-04-22T04:16:58.310,1920,1080
277,1294813498405,2026-04-22T04:16:58.410,1920,1080
278,1294814498387,2026-04-22T04:16:58.510,1920,1080
279,1294815498373,2026-04-22T04:16:58.610,1920,1080
280,1294816498354,2026-04-22T04:16:58.710,1920,1080
281,1294817498335,2026-04-22T04:16:58.810,1920,1080
282,1294818498305,2026-04-22T04:16:58.910,1920,1080
283,1294819498293,2026-04-22T04:16:59.010,1920,1080
284,1294820498279,2026-04-22T04:16:59.110,1920,1080
285,1294821498264,2026-04-22T04:16:59.210,1920,1080
286,1294822498248,2026-04-22T04:16:59.310,1920,1080
287,1294824831583,2026-04-22T04:16:59.543,1920,1080
288,1294825498142,2026-04-22T04:16:59.610,1920,1080
289,1294826498245,2026-04-22T04:16:59.710,1920,1080
290,1294827498156,2026-04-22T04:16:59.810,1920,1080
291,1294828498089,2026-04-22T04:16:59.910,1920,1080
292,1294829498071,2026-04-22T04:17:00.010,1920,1080
293,1294830498034,2026-04-22T04:17:00.110,1920,1080
294,1294831497993,2026-04-22T04:17:00.210,1920,1080
295,1294832497976,2026-04-22T04:17:00.310,1920,1080
296,1294833497958,2026-04-22T04:17:00.410,1920,1080
297,1294834497956,2026-04-22T04:17:00.510,1920,1080
298,1294835497934,2026-04-22T04:17:00.610,1920,1080
299,1294836497933,2026-04-22T04:17:00.710,1920,1080
300,1294837497914,2026-04-22T04:17:00.810,1920,1080
301,1294838497915,2026-04-22T04:17:00.910,1920,1080
302,1294839497928,2026-04-22T04:17:01.010,1920,1080
303,1294840497907,2026-04-22T04:17:01.110,1920,1080
304,1294841497898,2026-04-22T04:17:01.210,1920,1080
305,1294842497905,2026-04-22T04:17:01.310,1920,1080
306,1294843497889,2026-04-22T04:17:01.410,1920,1080
307,1294844497893,2026-04-22T04:17:01.510,1920,1080
308,1294845497882,2026-04-22T04:17:01.610,1920,1080
309,1294846497875,2026-04-22T04:17:01.710,1920,1080
310,1294847497850,2026-04-22T04:17:01.810,1920,1080
311,1294848497829,2026-04-22T04:17:01.910,1920,1080
312,1294849497822,2026-04-22T04:17:02.010,1920,1080
313,1294850497800,2026-04-22T04:17:02.110,1920,1080
314,1294851497788,2026-04-22T04:17:02.210,1920,1080
315,1294852497780,2026-04-22T04:17:02.310,1920,1080
316,1294853497765,2026-04-22T04:17:02.410,1920,1080
317,1294854497759,2026-04-22T04:17:02.510,1920,1080
318,1294855497746,2026-04-22T04:17:02.610,1920,1080
319,1294856497745,2026-04-22T04:17:02.710,1920,1080
320,1294857497730,2026-04-22T04:17:02.810,1920,1080
321,1294858497721,2026-04-22T04:17:02.910,1920,1080
322,1294859497711,2026-04-22T04:17:03.010,1920,1080
323,1294860497706,2026-04-22T04:17:03.110,1920,1080
324,1294861497684,2026-04-22T04:17:03.210,1920,1080
325,1294862497663,2026-04-22T04:17:03.310,1920,1080
326,1294863497645,2026-04-22T04:17:03.410,1920,1080
327,1294864497634,2026-04-22T04:17:03.510,1920,1080
328,1294865497622,2026-04-22T04:17:03.610,1920,1080
329,1294866497611,2026-04-22T04:17:03.710,1920,1080
330,1294867497612,2026-04-22T04:17:03.810,1920,1080
331,1294868497599,2026-04-22T04:17:03.910,1920,1080
332,1294869497599,2026-04-22T04:17:04.010,1920,1080
333,1294870497587,2026-04-22T04:17:04.110,1920,1080
334,1294871497578,2026-04-22T04:17:04.210,1920,1080
335,1294872497561,2026-04-22T04:17:04.310,1920,1080
336,1294873664218,2026-04-22T04:17:04.427,1920,1080
337,1294874497536,2026-04-22T04:17:04.510,1920,1080
338,1294875497528,2026-04-22T04:17:04.610,1920,1080
339,1294876497514,2026-04-22T04:17:04.710,1920,1080
340,1294877497495,2026-04-22T04:17:04.810,1920,1080
341,1294878497473,2026-04-22T04:17:04.910,1920,1080
342,1294879497454,2026-04-22T04:17:05.010,1920,1080
343,1294880497437,2026-04-22T04:17:05.110,1920,1080
344,1294881497441,2026-04-22T04:17:05.210,1920,1080
345,1294882497421,2026-04-22T04:17:05.310,1920,1080
346,1294883497409,2026-04-22T04:17:05.410,1920,1080
347,1294884497407,2026-04-22T04:17:05.510,1920,1080
348,1294885497394,2026-04-22T04:17:05.610,1920,1080
349,1294886497384,2026-04-22T04:17:05.710,1920,1080
350,1294887497372,2026-04-22T04:17:05.810,1920,1080
351,1294888497366,2026-04-22T04:17:05.910,1920,1080
352,1294889497339,2026-04-22T04:17:06.010,1920,1080
353,1294890497320,2026-04-22T04:17:06.110,1920,1080
354,1294891497298,2026-04-22T04:17:06.210,1920,1080
355,1294892497293,2026-04-22T04:17:06.310,1920,1080
356,1294893497276,2026-04-22T04:17:06.410,1920,1080
357,1294894497261,2026-04-22T04:17:06.510,1920,1080
358,1294895497256,2026-04-22T04:17:06.610,1920,1080
359,1294896497243,2026-04-22T04:17:06.710,1920,1080
360,1294897497221,2026-04-22T04:17:06.810,1920,1080
361,1294898497198,2026-04-22T04:17:06.910,1920,1080
362,1294899497177,2026-04-22T04:17:07.010,1920,1080
363,1294900497158,2026-04-22T04:17:07.110,1920,1080
364,1294901497137,2026-04-22T04:17:07.210,1920,1080
365,1294902497118,2026-04-22T04:17:07.310,1920,1080
366,1294903497097,2026-04-22T04:17:07.410,1920,1080
367,1294904497072,2026-04-22T04:17:07.510,1920,1080
368,1294905497048,2026-04-22T04:17:07.610,1920,1080
369,1294906497026,2026-04-22T04:17:07.710,1920,1080
370,1294907497024,2026-04-22T04:17:07.810,1920,1080
371,1294908497029,2026-04-22T04:17:07.910,1920,1080
372,1294909497028,2026-04-22T04:17:08.010,1920,1080
373,1294910497041,2026-04-22T04:17:08.110,1920,1080
374,1294911497034,2026-04-22T04:17:08.210,1920,1080
375,1294912497048,2026-04-22T04:17:08.310,1920,1080
376,1294913497049,2026-04-22T04:17:08.410,1920,1080
377,1294914497053,2026-04-22T04:17:08.510,1920,1080
378,1294915497057,2026-04-22T04:17:08.610,1920,1080
379,1294916497053,2026-04-22T04:17:08.710,1920,1080
380,1294917497043,2026-04-22T04:17:08.810,1920,1080
381,1294918497046,2026-04-22T04:17:08.910,1920,1080
382,1294919497046,2026-04-22T04:17:09.010,1920,1080
383,1294920497040,2026-04-22T04:17:09.110,1920,1080
384,1294921497031,2026-04-22T04:17:09.210,1920,1080
385,1294922497029,2026-04-22T04:17:09.310,1920,1080
386,1294923497018,2026-04-22T04:17:09.410,1920,1080
387,1294924497020,2026-04-22T04:17:09.510,1920,1080
388,1294925497008,2026-04-22T04:17:09.610,1920,1080
389,1294926497006,2026-04-22T04:17:09.710,1920,1080
390,1294927496991,2026-04-22T04:17:09.810,1920,1080
391,1294928496987,2026-04-22T04:17:09.910,1920,1080
392,1294929496975,2026-04-22T04:17:10.010,1920,1080
393,1294930496963,2026-04-22T04:17:10.110,1920,1080
394,1294931496970,2026-04-22T04:17:10.210,1920,1080
395,1294932496945,2026-04-22T04:17:10.310,1920,1080
396,1294933496927,2026-04-22T04:17:10.410,1920,1080
397,1294934496916,2026-04-22T04:17:10.510,1920,1080
398,1294936163574,2026-04-22T04:17:10.676,1920,1080
399,1294936496903,2026-04-22T04:17:10.710,1920,1080
400,1294937496893,2026-04-22T04:17:10.810,1920,1080
401,1294938496876,2026-04-22T04:17:10.910,1920,1080
402,1294939496841,2026-04-22T04:17:11.010,1920,1080
403,1294940496815,2026-04-22T04:17:11.110,1920,1080
404,1294941496787,2026-04-22T04:17:11.210,1920,1080
405,1294942496751,2026-04-22T04:17:11.310,1920,1080
406,1294943496735,2026-04-22T04:17:11.410,1920,1080
407,1294944496706,2026-04-22T04:17:11.510,1920,1080
408,1294945496676,2026-04-22T04:17:11.610,1920,1080
409,1294946496637,2026-04-22T04:17:11.710,1920,1080
410,1294947496603,2026-04-22T04:17:11.810,1920,1080
411,1294948496566,2026-04-22T04:17:11.910,1920,1080
412,1294949496544,2026-04-22T04:17:12.010,1920,1080
413,1294950496548,2026-04-22T04:17:12.110,1920,1080
414,1294951496533,2026-04-22T04:17:12.210,1920,1080
415,1294952496504,2026-04-22T04:17:12.310,1920,1080
416,1294953663155,2026-04-22T04:17:12.426,1920,1080
417,1294954496490,2026-04-22T04:17:12.510,1920,1080
418,1294955496483,2026-04-22T04:17:12.610,1920,1080
419,1294956496473,2026-04-22T04:17:12.710,1920,1080
420,1294957496475,2026-04-22T04:17:12.810,1920,1080
421,1294958496470,2026-04-22T04:17:12.910,1920,1080
422,1294959496463,2026-04-22T04:17:13.010,1920,1080
423,1294960496462,2026-04-22T04:17:13.110,1920,1080
424,1294961496445,2026-04-22T04:17:13.210,1920,1080
425,1294962496431,2026-04-22T04:17:13.310,1920,1080
426,1294963496428,2026-04-22T04:17:13.410,1920,1080
427,1294964496420,2026-04-22T04:17:13.510,1920,1080
428,1294965496416,2026-04-22T04:17:13.610,1920,1080
429,1294966496416,2026-04-22T04:17:13.710,1920,1080
430,1294967496413,2026-04-22T04:17:13.810,1920,1080
431,1294968496400,2026-04-22T04:17:13.910,1920,1080
432,1294969496397,2026-04-22T04:17:14.010,1920,1080
433,1294970496383,2026-04-22T04:17:14.110,1920,1080
434,1294971496382,2026-04-22T04:17:14.210,1920,1080
435,1294972496377,2026-04-22T04:17:14.310,1920,1080
436,1294973496374,2026-04-22T04:17:14.410,1920,1080
437,1294974496372,2026-04-22T04:17:14.510,1920,1080
438,1294975496352,2026-04-22T04:17:14.610,1920,1080
439,1294976496343,2026-04-22T04:17:14.710,1920,1080
440,1294977496343,2026-04-22T04:17:14.810,1920,1080
441,1294978496348,2026-04-22T04:17:14.910,1920,1080
442,1294979496338,2026-04-22T04:17:15.010,1920,1080
443,1294980496330,2026-04-22T04:17:15.110,1920,1080
444,1294981496321,2026-04-22T04:17:15.210,1920,1080
445,1294982496293,2026-04-22T04:17:15.310,1920,1080
446,1294983496278,2026-04-22T04:17:15.410,1920,1080
447,1294984496256,2026-04-22T04:17:15.510,1920,1080
448,1294985496239,2026-04-22T04:17:15.610,1920,1080
449,1294986496224,2026-04-22T04:17:15.710,1920,1080
450,1294987496208,2026-04-22T04:17:15.810,1920,1080
451,1294988496178,2026-04-22T04:17:15.910,1920,1080
452,1294989496144,2026-04-22T04:17:16.010,1920,1080
453,1294990496128,2026-04-22T04:17:16.110,1920,1080
454,1294991496101,2026-04-22T04:17:16.210,1920,1080
455,1294992496099,2026-04-22T04:17:16.310,1920,1080
456,1294993496092,2026-04-22T04:17:16.410,1920,1080
457,1294994496072,2026-04-22T04:17:16.510,1920,1080
458,1294995496044,2026-04-22T04:17:16.610,1920,1080
459,1294996496043,2026-04-22T04:17:16.710,1920,1080
460,1294997496024,2026-04-22T04:17:16.810,1920,1080
461,1294998496003,2026-04-22T04:17:16.910,1920,1080
462,1294999495998,2026-04-22T04:17:17.010,1920,1080
463,1295000495988,2026-04-22T04:17:17.110,1920,1080
464,1295001495985,2026-04-22T04:17:17.210,1920,1080
465,1295002495989,2026-04-22T04:17:17.310,1920,1080
466,1295003495977,2026-04-22T04:17:17.410,1920,1080
467,1295004495958,2026-04-22T04:17:17.510,1920,1080
468,1295005495953,2026-04-22T04:17:17.610,1920,1080
469,1295006495937,2026-04-22T04:17:17.710,1920,1080
470,1295007495925,2026-04-22T04:17:17.810,1920,1080
471,1295008495921,2026-04-22T04:17:17.910,1920,1080
472,1295009495913,2026-04-22T04:17:18.010,1920,1080
473,1295010495885,2026-04-22T04:17:18.110,1920,1080
474,1295011495871,2026-04-22T04:17:18.210,1920,1080
475,1295012495854,2026-04-22T04:17:18.310,1920,1080
476,1295013495850,2026-04-22T04:17:18.410,1920,1080
477,1295014495837,2026-04-22T04:17:18.510,1920,1080
478,1295015495830,2026-04-22T04:17:18.610,1920,1080
479,1295016495824,2026-04-22T04:17:18.710,1920,1080
480,1295017495800,2026-04-22T04:17:18.810,1920,1080
481,1295018495783,2026-04-22T04:17:18.910,1920,1080
482,1295019495763,2026-04-22T04:17:19.010,1920,1080
483,1295020495751,2026-04-22T04:17:19.110,1920,1080
484,1295021495728,2026-04-22T04:17:19.210,1920,1080
485,1295022495699,2026-04-22T04:17:19.310,1920,1080
486,1295023495685,2026-04-22T04:17:19.410,1920,1080
487,1295024495668,2026-04-22T04:17:19.510,1920,1080
488,1295025495655,2026-04-22T04:17:19.610,1920,1080
489,1295026495649,2026-04-22T04:17:19.710,1920,1080
490,1295027495637,2026-04-22T04:17:19.810,1920,1080
491,1295028495631,2026-04-22T04:17:19.910,1920,1080
492,1295029495620,2026-04-22T04:17:20.010,1920,1080
493,1295030495606,2026-04-22T04:17:20.110,1920,1080
494,1295031495588,2026-04-22T04:17:20.210,1920,1080
495,1295032495575,2026-04-22T04:17:20.310,1920,1080
496,1295033495555,2026-04-22T04:17:20.410,1920,1080
497,1295034495529,2026-04-22T04:17:20.510,1920,1080
498,1295035495514,2026-04-22T04:17:20.610,1920,1080
499,1295036495499,2026-04-22T04:17:20.710,1920,1080
500,1295037495478,2026-04-22T04:17:20.810,1920,1080
501,1295038495473,2026-04-22T04:17:20.910,1920,1080
502,1295039495451,2026-04-22T04:17:21.010,1920,1080
503,1295040495424,2026-04-22T04:17:21.110,1920,1080
504,1295041495409,2026-04-22T04:17:21.210,1920,1080
505,1295042495401,2026-04-22T04:17:21.310,1920,1080
506,1295043495390,2026-04-22T04:17:21.410,1920,1080
507,1295044495377,2026-04-22T04:17:21.510,1920,1080
508,1295045495366,2026-04-22T04:17:21.610,1920,1080
509,1295046495357,2026-04-22T04:17:21.710,1920,1080
510,1295047495339,2026-04-22T04:17:21.810,1920,1080
511,1295048495334,2026-04-22T04:17:21.910,1920,1080
512,1295049495316,2026-04-22T04:17:22.010,1920,1080
513,1295050495309,2026-04-22T04:17:22.110,1920,1080
514,1295051495298,2026-04-22T04:17:22.210,1920,1080
515,1295052495298,2026-04-22T04:17:22.310,1920,1080
516,1295053495289,2026-04-22T04:17:22.410,1920,1080
517,1295054495281,2026-04-22T04:17:22.510,1920,1080
518,1295055495272,2026-04-22T04:17:22.610,1920,1080
519,1295056495254,2026-04-22T04:17:22.710,1920,1080
520,1295057495236,2026-04-22T04:17:22.810,1920,1080
521,1295058495233,2026-04-22T04:17:22.910,1920,1080
522,1295059495219,2026-04-22T04:17:23.010,1920,1080
523,1295060495217,2026-04-22T04:17:23.110,1920,1080
524,1295061495210,2026-04-22T04:17:23.210,1920,1080
525,1295062495198,2026-04-22T04:17:23.310,1920,1080
526,1295063495178,2026-04-22T04:17:23.410,1920,1080
527,1295064495148,2026-04-22T04:17:23.510,1920,1080
528,1295065495140,2026-04-22T04:17:23.610,1920,1080
529,1295066495123,2026-04-22T04:17:23.710,1920,1080
530,1295067661772,2026-04-22T04:17:23.826,1920,1080
531,1295068495098,2026-04-22T04:17:23.910,1920,1080
532,1295069495087,2026-04-22T04:17:24.010,1920,1080
533,1295070495076,2026-04-22T04:17:24.110,1920,1080
534,1295071495071,2026-04-22T04:17:24.210,1920,1080
535,1295072495062,2026-04-22T04:17:24.310,1920,1080
536,1295073495047,2026-04-22T04:17:24.410,1920,1080
537,1295074495040,2026-04-22T04:17:24.510,1920,1080
538,1295075495033,2026-04-22T04:17:24.610,1920,1080
539,1295076495011,2026-04-22T04:17:24.710,1920,1080
540,1295077494997,2026-04-22T04:17:24.810,1920,1080
541,1295078494980,2026-04-22T04:17:24.910,1920,1080
542,1295079494962,2026-04-22T04:17:25.010,1920,1080
543,1295080494954,2026-04-22T04:17:25.110,1920,1080
544,1295081494945,2026-04-22T04:17:25.210,1920,1080
545,1295082494924,2026-04-22T04:17:25.310,1920,1080
546,1295083494906,2026-04-22T04:17:25.410,1920,1080
547,1295084494894,2026-04-22T04:17:25.510,1920,1080
548,1295085494888,2026-04-22T04:17:25.610,1920,1080
549,1295086494875,2026-04-22T04:17:25.710,1920,1080
550,1295087494856,2026-04-22T04:17:25.810,1920,1080
551,1295088494839,2026-04-22T04:17:25.910,1920,1080
552,1295089494814,2026-04-22T04:17:26.010,1920,1080
553,1295090494801,2026-04-22T04:17:26.110,1920,1080
554,1295091494779,2026-04-22T04:17:26.210,1920,1080
555,1295092661415,2026-04-22T04:17:26.326,1920,1080
556,1295093494733,2026-04-22T04:17:26.410,1920,1080
557,1295094494727,2026-04-22T04:17:26.510,1920,1080
558,1295095494726,2026-04-22T04:17:26.610,1920,1080
559,1295096494715,2026-04-22T04:17:26.710,1920,1080
560,1295097494706,2026-04-22T04:17:26.810,1920,1080
561,1295098494693,2026-04-22T04:17:26.910,1920,1080
562,1295099494662,2026-04-22T04:17:27.010,1920,1080
563,1295100494632,2026-04-22T04:17:27.110,1920,1080
564,1295101494606,2026-04-22T04:17:27.210,1920,1080
565,1295102494579,2026-04-22T04:17:27.310,1920,1080
566,1295103494555,2026-04-22T04:17:27.410,1920,1080
567,1295104494535,2026-04-22T04:17:27.510,1920,1080
568,1295105494512,2026-04-22T04:17:27.610,1920,1080
569,1295106494485,2026-04-22T04:17:27.710,1920,1080
570,1295107494460,2026-04-22T04:17:27.810,1920,1080
571,1295108494436,2026-04-22T04:17:27.910,1920,1080
572,1295109494435,2026-04-22T04:17:28.010,1920,1080
573,1295110494436,2026-04-22T04:17:28.110,1920,1080
574,1295111494450,2026-04-22T04:17:28.210,1920,1080
575,1295112494452,2026-04-22T04:17:28.310,1920,1080
576,1295113494454,2026-04-22T04:17:28.410,1920,1080
577,1295114494461,2026-04-22T04:17:28.510,1920,1080
578,1295115494466,2026-04-22T04:17:28.610,1920,1080
579,1295116494477,2026-04-22T04:17:28.710,1920,1080
580,1295117494480,2026-04-22T04:17:28.810,1920,1080
581,1295118494492,2026-04-22T04:17:28.910,1920,1080
582,1295119494475,2026-04-22T04:17:29.010,1920,1080
583,1295120494478,2026-04-22T04:17:29.110,1920,1080
584,1295121494484,2026-04-22T04:17:29.210,1920,1080
585,1295122494483,2026-04-22T04:17:29.310,1920,1080
586,1295123494486,2026-04-22T04:17:29.410,1920,1080
587,1295124494482,2026-04-22T04:17:29.510,1920,1080
588,1295125494492,2026-04-22T04:17:29.610,1920,1080
589,1295126494490,2026-04-22T04:17:29.710,1920,1080
590,1295127494487,2026-04-22T04:17:29.810,1920,1080
591,1295128494482,2026-04-22T04:17:29.910,1920,1080
592,1295129494471,2026-04-22T04:17:30.010,1920,1080
593,1295130494475,2026-04-22T04:17:30.110,1920,1080
594,1295131494458,2026-04-22T04:17:30.210,1920,1080
595,1295132494448,2026-04-22T04:17:30.310,1920,1080
596,1295133494445,2026-04-22T04:17:30.410,1920,1080
597,1295134494428,2026-04-22T04:17:30.510,1920,1080
598,1295135494411,2026-04-22T04:17:30.610,1920,1080
599,1295136494400,2026-04-22T04:17:30.710,1920,1080
600,1295137494401,2026-04-22T04:17:30.810,1920,1080
601,1295138494406,2026-04-22T04:17:30.910,1920,1080
602,1295139494387,2026-04-22T04:17:31.010,1920,1080
603,1295140494369,2026-04-22T04:17:31.110,1920,1080
604,1295141494353,2026-04-22T04:17:31.210,1920,1080
605,1295142494344,2026-04-22T04:17:31.310,1920,1080
606,1295143494322,2026-04-22T04:17:31.410,1920,1080
607,1295144494302,2026-04-22T04:17:31.510,1920,1080
608,1295145494279,2026-04-22T04:17:31.610,1920,1080
609,1295146494249,2026-04-22T04:17:31.710,1920,1080
610,1295147494226,2026-04-22T04:17:31.810,1920,1080
611,1295148494213,2026-04-22T04:17:31.910,1920,1080
612,1295149494189,2026-04-22T04:17:32.010,1920,1080
613,1295150494168,2026-04-22T04:17:32.110,1920,1080
614,1295151494137,2026-04-22T04:17:32.210,1920,1080
615,1295152494115,2026-04-22T04:17:32.310,1920,1080
616,1295153494102,2026-04-22T04:17:32.410,1920,1080
617,1295154494096,2026-04-22T04:17:32.510,1920,1080
618,1295155494097,2026-04-22T04:17:32.610,1920,1080
619,1295156494083,2026-04-22T04:17:32.710,1920,1080
620,1295157494071,2026-04-22T04:17:32.810,1920,1080
621,1295158494069,2026-04-22T04:17:32.910,1920,1080
622,1295159494058,2026-04-22T04:17:33.010,1920,1080
623,1295160494052,2026-04-22T04:17:33.110,1920,1080
624,1295161494039,2026-04-22T04:17:33.210,1920,1080
625,1295162494023,2026-04-22T04:17:33.310,1920,1080
626,1295163494014,2026-04-22T04:17:33.410,1920,1080
627,1295164493994,2026-04-22T04:17:33.510,1920,1080
628,1295165493984,2026-04-22T04:17:33.610,1920,1080
629,1295166493975,2026-04-22T04:17:33.710,1920,1080
630,1295167493978,2026-04-22T04:17:33.810,1920,1080
631,1295168493964,2026-04-22T04:17:33.910,1920,1080
632,1295169493954,2026-04-22T04:17:34.010,1920,1080
633,1295170493934,2026-04-22T04:17:34.110,1920,1080
634,1295171493921,2026-04-22T04:17:34.210,1920,1080
635,1295172493911,2026-04-22T04:17:34.310,1920,1080
636,1295173493911,2026-04-22T04:17:34.410,1920,1080
637,1295174493893,2026-04-22T04:17:34.510,1920,1080
638,1295175493876,2026-04-22T04:17:34.610,1920,1080
639,1295176493858,2026-04-22T04:17:34.710,1920,1080
640,1295177493835,2026-04-22T04:17:34.810,1920,1080
641,1295178493814,2026-04-22T04:17:34.910,1920,1080
642,1295179493801,2026-04-22T04:17:35.010,1920,1080
643,1295180493785,2026-04-22T04:17:35.110,1920,1080
644,1295181493770,2026-04-22T04:17:35.210,1920,1080
645,1295182493758,2026-04-22T04:17:35.309,1920,1080
646,1295183493731,2026-04-22T04:17:35.409,1920,1080
647,1295184493728,2026-04-22T04:17:35.509,1920,1080
648,1295185493717,2026-04-22T04:17:35.609,1920,1080
649,1295186493694,2026-04-22T04:17:35.709,1920,1080
650,1295187493681,2026-04-22T04:17:35.809,1920,1080
651,1295188493664,2026-04-22T04:17:35.909,1920,1080
652,1295189493654,2026-04-22T04:17:36.009,1920,1080
653,1295190493642,2026-04-22T04:17:36.109,1920,1080
654,1295191493634,2026-04-22T04:17:36.209,1920,1080
655,1295192493623,2026-04-22T04:17:36.309,1920,1080
656,1295193660267,2026-04-22T04:17:36.426,1920,1080
657,1295194493595,2026-04-22T04:17:36.509,1920,1080
658,1295195493584,2026-04-22T04:17:36.609,1920,1080
659,1295196493568,2026-04-22T04:17:36.709,1920,1080
660,1295197493552,2026-04-22T04:17:36.809,1920,1080
661,1295198493552,2026-04-22T04:17:36.909,1920,1080
662,1295199493550,2026-04-22T04:17:37.009,1920,1080
663,1295200493539,2026-04-22T04:17:37.109,1920,1080
664,1295201493523,2026-04-22T04:17:37.209,1920,1080
665,1295202493519,2026-04-22T04:17:37.309,1920,1080
666,1295203493510,2026-04-22T04:17:37.409,1920,1080
667,1295204493491,2026-04-22T04:17:37.509,1920,1080
668,1295205493486,2026-04-22T04:17:37.609,1920,1080
669,1295206493472,2026-04-22T04:17:37.709,1920,1080
670,1295207493462,2026-04-22T04:17:37.809,1920,1080
671,1295208493453,2026-04-22T04:17:37.909,1920,1080
672,1295209493434,2026-04-22T04:17:38.009,1920,1080
673,1295210493429,2026-04-22T04:17:38.109,1920,1080
674,1295211493405,2026-04-22T04:17:38.209,1920,1080
675,1295212493408,2026-04-22T04:17:38.309,1920,1080
676,1295213493391,2026-04-22T04:17:38.409,1920,1080
677,1295214493384,2026-04-22T04:17:38.509,1920,1080
678,1295215493374,2026-04-22T04:17:38.609,1920,1080
679,1295216493350,2026-04-22T04:17:38.709,1920,1080
680,1295217493335,2026-04-22T04:17:38.809,1920,1080
681,1295218493316,2026-04-22T04:17:38.909,1920,1080
682,1295219493297,2026-04-22T04:17:39.009,1920,1080
683,1295220493273,2026-04-22T04:17:39.109,1920,1080
684,1295221493242,2026-04-22T04:17:39.209,1920,1080
685,1295222493228,2026-04-22T04:17:39.309,1920,1080
686,1295223493211,2026-04-22T04:17:39.409,1920,1080
687,1295224493194,2026-04-22T04:17:39.509,1920,1080
688,1295225493182,2026-04-22T04:17:39.609,1920,1080
689,1295226493162,2026-04-22T04:17:39.709,1920,1080
690,1295227493151,2026-04-22T04:17:39.809,1920,1080
691,1295228493136,2026-04-22T04:17:39.909,1920,1080
692,1295229493118,2026-04-22T04:17:40.009,1920,1080
693,1295230493092,2026-04-22T04:17:40.109,1920,1080
694,1295231493082,2026-04-22T04:17:40.209,1920,1080
695,1295232493066,2026-04-22T04:17:40.309,1920,1080
696,1295233493053,2026-04-22T04:17:40.409,1920,1080
697,1295234493042,2026-04-22T04:17:40.509,1920,1080
698,1295235493023,2026-04-22T04:17:40.609,1920,1080
699,1295236493012,2026-04-22T04:17:40.709,1920,1080
700,1295237492997,2026-04-22T04:17:40.809,1920,1080
701,1295238492976,2026-04-22T04:17:40.909,1920,1080
702,1295239492949,2026-04-22T04:17:41.009,1920,1080
703,1295240492934,2026-04-22T04:17:41.109,1920,1080
704,1295241492918,2026-04-22T04:17:41.209,1920,1080
705,1295242492907,2026-04-22T04:17:41.309,1920,1080
706,1295243492894,2026-04-22T04:17:41.409,1920,1080
707,1295244492871,2026-04-22T04:17:41.509,1920,1080
708,1295245492863,2026-04-22T04:17:41.609,1920,1080
709,1295246492854,2026-04-22T04:17:41.709,1920,1080
710,1295247492847,2026-04-22T04:17:41.809,1920,1080
711,1295248492836,2026-04-22T04:17:41.909,1920,1080
712,1295249492817,2026-04-22T04:17:42.009,1920,1080
713,1295250492809,2026-04-22T04:17:42.109,1920,1080
714,1295251492793,2026-04-22T04:17:42.209,1920,1080
715,1295252492778,2026-04-22T04:17:42.309,1920,1080
716,1295253492768,2026-04-22T04:17:42.409,1920,1080
717,1295254492758,2026-04-22T04:17:42.509,1920,1080
718,1295255492752,2026-04-22T04:17:42.609,1920,1080
719,1295256492745,2026-04-22T04:17:42.709,1920,1080
720,1295257492733,2026-04-22T04:17:42.809,1920,1080
721,1295258492711,2026-04-22T04:17:42.909,1920,1080
722,1295259492698,2026-04-22T04:17:43.009,1920,1080
723,1295260492692,2026-04-22T04:17:43.109,1920,1080
724,1295261492675,2026-04-22T04:17:43.209,1920,1080
725,1295262492671,2026-04-22T04:17:43.309,1920,1080
726,1295263492666,2026-04-22T04:17:43.409,1920,1080
727,1295264492653,2026-04-22T04:17:43.509,1920,1080
728,1295265492643,2026-04-22T04:17:43.609,1920,1080
729,1295266492620,2026-04-22T04:17:43.709,1920,1080
730,1295267492608,2026-04-22T04:17:43.809,1920,1080
731,1295268492587,2026-04-22T04:17:43.909,1920,1080
732,1295269492572,2026-04-22T04:17:44.009,1920,1080
733,1295270492566,2026-04-22T04:17:44.109,1920,1080
734,1295271492566,2026-04-22T04:17:44.209,1920,1080
735,1295272492547,2026-04-22T04:17:44.309,1920,1080
736,1295273492530,2026-04-22T04:17:44.409,1920,1080
737,1295274492508,2026-04-22T04:17:44.509,1920,1080
738,1295275492512,2026-04-22T04:17:44.609,1920,1080
739,1295276492503,2026-04-22T04:17:44.709,1920,1080
740,1295277492489,2026-04-22T04:17:44.809,1920,1080
741,1295278492489,2026-04-22T04:17:44.909,1920,1080
742,1295279492478,2026-04-22T04:17:45.009,1920,1080
743,1295280492465,2026-04-22T04:17:45.109,1920,1080
744,1295281492443,2026-04-22T04:17:45.209,1920,1080
745,1295282492427,2026-04-22T04:17:45.309,1920,1080
746,1295283492429,2026-04-22T04:17:45.409,1920,1080
747,1295284492404,2026-04-22T04:17:45.509,1920,1080
748,1295285492390,2026-04-22T04:17:45.609,1920,1080
749,1295286492381,2026-04-22T04:17:45.709,1920,1080
750,1295287492385,2026-04-22T04:17:45.809,1920,1080
751,1295288492393,2026-04-22T04:17:45.909,1920,1080
752,1295289492384,2026-04-22T04:17:46.009,1920,1080
753,1295290492364,2026-04-22T04:17:46.109,1920,1080
754,1295291492348,2026-04-22T04:17:46.209,1920,1080
755,1295292492334,2026-04-22T04:17:46.309,1920,1080
756,1295293492319,2026-04-22T04:17:46.409,1920,1080
757,1295294492300,2026-04-22T04:17:46.509,1920,1080
758,1295295492285,2026-04-22T04:17:46.609,1920,1080
759,1295296492278,2026-04-22T04:17:46.709,1920,1080
760,1295297492264,2026-04-22T04:17:46.809,1920,1080
761,1295298492247,2026-04-22T04:17:46.909,1920,1080
762,1295299492221,2026-04-22T04:17:47.009,1920,1080
763,1295300492197,2026-04-22T04:17:47.109,1920,1080
764,1295301492169,2026-04-22T04:17:47.209,1920,1080
765,1295302492136,2026-04-22T04:17:47.309,1920,1080
766,1295303492106,2026-04-22T04:17:47.409,1920,1080
767,1295304492074,2026-04-22T04:17:47.509,1920,1080
768,1295305492045,2026-04-22T04:17:47.609,1920,1080
769,1295306492016,2026-04-22T04:17:47.709,1920,1080
770,1295307491991,2026-04-22T04:17:47.809,1920,1080
771,1295308491957,2026-04-22T04:17:47.909,1920,1080
772,1295309491925,2026-04-22T04:17:48.009,1920,1080
773,1295310491897,2026-04-22T04:17:48.109,1920,1080
774,1295311491862,2026-04-22T04:17:48.209,1920,1080
775,1295312491866,2026-04-22T04:17:48.309,1920,1080
776,1295313491883,2026-04-22T04:17:48.409,1920,1080
777,1295314658552,2026-04-22T04:17:48.526,1920,1080
778,1295315491894,2026-04-22T04:17:48.609,1920,1080
779,1295316491898,2026-04-22T04:17:48.709,1920,1080
780,1295317491886,2026-04-22T04:17:48.809,1920,1080
781,1295318491885,2026-04-22T04:17:48.909,1920,1080
782,1295319491894,2026-04-22T04:17:49.009,1920,1080
783,1295320491891,2026-04-22T04:17:49.109,1920,1080
784,1295321491904,2026-04-22T04:17:49.209,1920,1080
785,1295322491894,2026-04-22T04:17:49.309,1920,1080
786,1295323491895,2026-04-22T04:17:49.409,1920,1080
787,1295324491887,2026-04-22T04:17:49.509,1920,1080
788,1295325491879,2026-04-22T04:17:49.609,1920,1080
789,1295326491872,2026-04-22T04:17:49.709,1920,1080
790,1295327491864,2026-04-22T04:17:49.809,1920,1080
791,1295328491858,2026-04-22T04:17:49.909,1920,1080
792,1295329491855,2026-04-22T04:17:50.009,1920,1080
793,1295330491860,2026-04-22T04:17:50.109,1920,1080
794,1295331491872,2026-04-22T04:17:50.209,1920,1080
795,1295332491858,2026-04-22T04:17:50.309,1920,1080
796,1295333491849,2026-04-22T04:17:50.409,1920,1080
797,1295334491850,2026-04-22T04:17:50.509,1920,1080
798,1295335491845,2026-04-22T04:17:50.609,1920,1080
799,1295336491849,2026-04-22T04:17:50.709,1920,1080
800,1295337491831,2026-04-22T04:17:50.809,1920,1080
801,1295338491817,2026-04-22T04:17:50.909,1920,1080
802,1295339491810,2026-04-22T04:17:51.009,1920,1080
803,1295340491801,2026-04-22T04:17:51.109,1920,1080
804,1295341491784,2026-04-22T04:17:51.209,1920,1080
805,1295342491757,2026-04-22T04:17:51.309,1920,1080
806,1295343491745,2026-04-22T04:17:51.409,1920,1080
807,1295344491723,2026-04-22T04:17:51.509,1920,1080
808,1295345491699,2026-04-22T04:17:51.609,1920,1080
809,1295346491679,2026-04-22T04:17:51.709,1920,1080
810,1295347491671,2026-04-22T04:17:51.809,1920,1080
811,1295348491650,2026-04-22T04:17:51.909,1920,1080
812,1295349491626,2026-04-22T04:17:52.009,1920,1080
813,1295350491610,2026-04-22T04:17:52.109,1920,1080
814,1295351491579,2026-04-22T04:17:52.209,1920,1080
815,1295352491554,2026-04-22T04:17:52.309,1920,1080
816,1295353491535,2026-04-22T04:17:52.409,1920,1080
817,1295354491505,2026-04-22T04:17:52.509,1920,1080
818,1295355491504,2026-04-22T04:17:52.609,1920,1080
819,1295356491493,2026-04-22T04:17:52.709,1920,1080
820,1295357491489,2026-04-22T04:17:52.809,1920,1080
821,1295358491464,2026-04-22T04:17:52.909,1920,1080
822,1295359491460,2026-04-22T04:17:53.009,1920,1080
823,1295360491459,2026-04-22T04:17:53.109,1920,1080
824,1295361491442,2026-04-22T04:17:53.209,1920,1080
825,1295362491427,2026-04-22T04:17:53.309,1920,1080
826,1295363491426,2026-04-22T04:17:53.409,1920,1080
827,1295364491420,2026-04-22T04:17:53.509,1920,1080
828,1295365491410,2026-04-22T04:17:53.609,1920,1080
829,1295366491413,2026-04-22T04:17:53.709,1920,1080
830,1295367491407,2026-04-22T04:17:53.809,1920,1080
831,1295368491390,2026-04-22T04:17:53.909,1920,1080
832,1295369491373,2026-04-22T04:17:54.009,1920,1080
833,1295370491359,2026-04-22T04:17:54.109,1920,1080
834,1295371491346,2026-04-22T04:17:54.209,1920,1080
835,1295372491334,2026-04-22T04:17:54.309,1920,1080
836,1295373491323,2026-04-22T04:17:54.409,1920,1080
837,1295374491312,2026-04-22T04:17:54.509,1920,1080
838,1295375491296,2026-04-22T04:17:54.609,1920,1080
839,1295376491292,2026-04-22T04:17:54.709,1920,1080
840,1295377491272,2026-04-22T04:17:54.809,1920,1080
841,1295378491255,2026-04-22T04:17:54.909,1920,1080
842,1295379491241,2026-04-22T04:17:55.009,1920,1080
843,1295380491218,2026-04-22T04:17:55.109,1920,1080
844,1295381491214,2026-04-22T04:17:55.209,1920,1080
845,1295382491204,2026-04-22T04:17:55.309,1920,1080
846,1295383491184,2026-04-22T04:17:55.409,1920,1080
847,1295384491165,2026-04-22T04:17:55.509,1920,1080
848,1295385491138,2026-04-22T04:17:55.609,1920,1080
849,1295386491126,2026-04-22T04:17:55.709,1920,1080
850,1295387491108,2026-04-22T04:17:55.809,1920,1080
851,1295388491096,2026-04-22T04:17:55.909,1920,1080
852,1295389491083,2026-04-22T04:17:56.009,1920,1080
853,1295390491076,2026-04-22T04:17:56.109,1920,1080
854,1295391491064,2026-04-22T04:17:56.209,1920,1080
855,1295392491057,2026-04-22T04:17:56.309,1920,1080
856,1295393491039,2026-04-22T04:17:56.409,1920,1080
857,1295394491019,2026-04-22T04:17:56.509,1920,1080
858,1295395491007,2026-04-22T04:17:56.609,1920,1080
859,1295396490993,2026-04-22T04:17:56.709,1920,1080
860,1295397490979,2026-04-22T04:17:56.809,1920,1080
861,1295398490967,2026-04-22T04:17:56.909,1920,1080
862,1295399490964,2026-04-22T04:17:57.009,1920,1080
863,1295400490956,2026-04-22T04:17:57.109,1920,1080
864,1295401490946,2026-04-22T04:17:57.209,1920,1080
865,1295402490941,2026-04-22T04:17:57.309,1920,1080
866,1295403490931,2026-04-22T04:17:57.409,1920,1080
867,1295404490913,2026-04-22T04:17:57.509,1920,1080
868,1295405490905,2026-04-22T04:17:57.609,1920,1080
869,1295406490886,2026-04-22T04:17:57.709,1920,1080
870,1295407490885,2026-04-22T04:17:57.809,1920,1080
871,1295408490879,2026-04-22T04:17:57.909,1920,1080
872,1295409490881,2026-04-22T04:17:58.009,1920,1080
873,1295410490877,2026-04-22T04:17:58.109,1920,1080
874,1295411490874,2026-04-22T04:17:58.209,1920,1080
875,1295412490871,2026-04-22T04:17:58.309,1920,1080
876,1295413490844,2026-04-22T04:17:58.409,1920,1080
877,1295414490827,2026-04-22T04:17:58.509,1920,1080
878,1295415490818,2026-04-22T04:17:58.609,1920,1080
879,1295416490798,2026-04-22T04:17:58.709,1920,1080
880,1295417490793,2026-04-22T04:17:58.809,1920,1080
881,1295418490780,2026-04-22T04:17:58.909,1920,1080
882,1295419490772,2026-04-22T04:17:59.009,1920,1080
883,1295420490748,2026-04-22T04:17:59.109,1920,1080
884,1295421490739,2026-04-22T04:17:59.209,1920,1080
885,1295422490721,2026-04-22T04:17:59.309,1920,1080
886,1295423490703,2026-04-22T04:17:59.409,1920,1080
887,1295424490693,2026-04-22T04:17:59.509,1920,1080
888,1295425657333,2026-04-22T04:17:59.626,1920,1080
889,1295426490662,2026-04-22T04:17:59.709,1920,1080
890,1295427490648,2026-04-22T04:17:59.809,1920,1080
891,1295428490643,2026-04-22T04:17:59.909,1920,1080
892,1295429490630,2026-04-22T04:18:00.009,1920,1080
893,1295430490606,2026-04-22T04:18:00.109,1920,1080
894,1295431490599,2026-04-22T04:18:00.209,1920,1080
895,1295432490585,2026-04-22T04:18:00.309,1920,1080
896,1295433490565,2026-04-22T04:18:00.409,1920,1080
897,1295434490553,2026-04-22T04:18:00.509,1920,1080
898,1295435490550,2026-04-22T04:18:00.609,1920,1080
899,1295436657204,2026-04-22T04:18:00.726,1920,1080
900,1295437490525,2026-04-22T04:18:00.809,1920,1080
901,1295438490503,2026-04-22T04:18:00.909,1920,1080
902,1295439490481,2026-04-22T04:18:01.009,1920,1080
903,1295440490462,2026-04-22T04:18:01.109,1920,1080
904,1295441490434,2026-04-22T04:18:01.209,1920,1080
905,1295442490415,2026-04-22T04:18:01.309,1920,1080
906,1295443490398,2026-04-22T04:18:01.409,1920,1080
907,1295444490379,2026-04-22T04:18:01.509,1920,1080
908,1295445490355,2026-04-22T04:18:01.609,1920,1080
909,1295446490350,2026-04-22T04:18:01.709,1920,1080
910,1295447657005,2026-04-22T04:18:01.826,1920,1080
911,1295448490328,2026-04-22T04:18:01.909,1920,1080
912,1295449490312,2026-04-22T04:18:02.009,1920,1080
913,1295450490306,2026-04-22T04:18:02.109,1920,1080
914,1295451490298,2026-04-22T04:18:02.209,1920,1080
915,1295452490278,2026-04-22T04:18:02.309,1920,1080
916,1295453490281,2026-04-22T04:18:02.409,1920,1080
917,1295454490264,2026-04-22T04:18:02.509,1920,1080
918,1295455490248,2026-04-22T04:18:02.609,1920,1080
919,1295456490229,2026-04-22T04:18:02.709,1920,1080
920,1295457490210,2026-04-22T04:18:02.809,1920,1080
921,1295458490190,2026-04-22T04:18:02.909,1920,1080
922,1295459490186,2026-04-22T04:18:03.009,1920,1080
923,1295460490171,2026-04-22T04:18:03.109,1920,1080
924,1295461490158,2026-04-22T04:18:03.209,1920,1080
925,1295462490139,2026-04-22T04:18:03.309,1920,1080
926,1295463490121,2026-04-22T04:18:03.409,1920,1080
927,1295464490109,2026-04-22T04:18:03.509,1920,1080
928,1295465490087,2026-04-22T04:18:03.609,1920,1080
929,1295466490062,2026-04-22T04:18:03.709,1920,1080
930,1295467490051,2026-04-22T04:18:03.809,1920,1080
931,1295468490029,2026-04-22T04:18:03.909,1920,1080
932,1295469490033,2026-04-22T04:18:04.009,1920,1080
933,1295470490029,2026-04-22T04:18:04.109,1920,1080
934,1295471490016,2026-04-22T04:18:04.209,1920,1080
935,1295472490001,2026-04-22T04:18:04.309,1920,1080
936,1295473489982,2026-04-22T04:18:04.409,1920,1080
937,1295474489980,2026-04-22T04:18:04.509,1920,1080
938,1295475489975,2026-04-22T04:18:04.609,1920,1080
939,1295476489953,2026-04-22T04:18:04.709,1920,1080
940,1295477489939,2026-04-22T04:18:04.809,1920,1080
941,1295478489926,2026-04-22T04:18:04.909,1920,1080
942,1295479489921,2026-04-22T04:18:05.009,1920,1080
943,1295480489912,2026-04-22T04:18:05.109,1920,1080
944,1295481489898,2026-04-22T04:18:05.209,1920,1080
945,1295482489890,2026-04-22T04:18:05.309,1920,1080
946,1295483489870,2026-04-22T04:18:05.409,1920,1080
947,1295484489840,2026-04-22T04:18:05.509,1920,1080
948,1295485489817,2026-04-22T04:18:05.609,1920,1080
949,1295486489802,2026-04-22T04:18:05.709,1920,1080
950,1295487489784,2026-04-22T04:18:05.809,1920,1080
951,1295488489761,2026-04-22T04:18:05.909,1920,1080
952,1295489489758,2026-04-22T04:18:06.009,1920,1080
953,1295490489739,2026-04-22T04:18:06.109,1920,1080
954,1295491489735,2026-04-22T04:18:06.209,1920,1080
955,1295492489706,2026-04-22T04:18:06.309,1920,1080
956,1295493489691,2026-04-22T04:18:06.409,1920,1080
957,1295494489692,2026-04-22T04:18:06.509,1920,1080
958,1295495489682,2026-04-22T04:18:06.609,1920,1080
959,1295496489671,2026-04-22T04:18:06.709,1920,1080
960,1295497489661,2026-04-22T04:18:06.809,1920,1080
961,1295498489641,2026-04-22T04:18:06.909,1920,1080
962,1295499489636,2026-04-22T04:18:07.009,1920,1080
963,1295500489614,2026-04-22T04:18:07.109,1920,1080
964,1295501489596,2026-04-22T04:18:07.209,1920,1080
965,1295502489579,2026-04-22T04:18:07.309,1920,1080
966,1295503489560,2026-04-22T04:18:07.409,1920,1080
967,1295504489545,2026-04-22T04:18:07.509,1920,1080
968,1295505489520,2026-04-22T04:18:07.609,1920,1080
969,1295506489492,2026-04-22T04:18:07.709,1920,1080
970,1295507489468,2026-04-22T04:18:07.809,1920,1080
971,1295508489441,2026-04-22T04:18:07.909,1920,1080
972,1295509489417,2026-04-22T04:18:08.009,1920,1080
973,1295510489393,2026-04-22T04:18:08.109,1920,1080
974,1295511489369,2026-04-22T04:18:08.209,1920,1080
975,1295512489353,2026-04-22T04:18:08.309,1920,1080
976,1295513489338,2026-04-22T04:18:08.409,1920,1080
977,1295514655981,2026-04-22T04:18:08.526,1920,1080
978,1295515489315,2026-04-22T04:18:08.609,1920,1080
979,1295516489311,2026-04-22T04:18:08.709,1920,1080
980,1295517489316,2026-04-22T04:18:08.809,1920,1080
981,1295518489320,2026-04-22T04:18:08.909,1920,1080
982,1295519655996,2026-04-22T04:18:09.026,1920,1080
983,1295520489344,2026-04-22T04:18:09.109,1920,1080
984,1295521489330,2026-04-22T04:18:09.209,1920,1080
985,1295522489327,2026-04-22T04:18:09.309,1920,1080
986,1295523489321,2026-04-22T04:18:09.409,1920,1080
987,1295524489325,2026-04-22T04:18:09.509,1920,1080
988,1295525489333,2026-04-22T04:18:09.609,1920,1080
989,1295526489330,2026-04-22T04:18:09.709,1920,1080
990,1295527489324,2026-04-22T04:18:09.809,1920,1080
991,1295528489318,2026-04-22T04:18:09.909,1920,1080
992,1295529489318,2026-04-22T04:18:10.009,1920,1080
993,1295530489335,2026-04-22T04:18:10.109,1920,1080
994,1295531489334,2026-04-22T04:18:10.209,1920,1080
995,1295532489332,2026-04-22T04:18:10.309,1920,1080
996,1295533489329,2026-04-22T04:18:10.409,1920,1080
997,1295534489328,2026-04-22T04:18:10.509,1920,1080
998,1295535489326,2026-04-22T04:18:10.609,1920,1080
999,1295536489305,2026-04-22T04:18:10.709,1920,1080
1000,1295537489311,2026-04-22T04:18:10.809,1920,1080
1001,1295538489294,2026-04-22T04:18:10.909,1920,1080
1002,1295539489286,2026-04-22T04:18:11.009,1920,1080
1003,1295540655950,2026-04-22T04:18:11.126,1920,1080
1004,1295541489276,2026-04-22T04:18:11.209,1920,1080
1005,1295542489274,2026-04-22T04:18:11.309,1920,1080
1006,1295543489268,2026-04-22T04:18:11.409,1920,1080
1007,1295544489260,2026-04-22T04:18:11.509,1920,1080
1008,1295545489254,2026-04-22T04:18:11.609,1920,1080
1009,1295546489246,2026-04-22T04:18:11.709,1920,1080
1010,1295547489233,2026-04-22T04:18:11.809,1920,1080
1011,1295548655886,2026-04-22T04:18:11.926,1920,1080
1012,1295549489215,2026-04-22T04:18:12.009,1920,1080
1013,1295550489202,2026-04-22T04:18:12.109,1920,1080
1014,1295551489193,2026-04-22T04:18:12.209,1920,1080
1015,1295552489175,2026-04-22T04:18:12.309,1920,1080
1016,1295553489153,2026-04-22T04:18:12.409,1920,1080
1017,1295554489125,2026-04-22T04:18:12.509,1920,1080
1018,1295555489107,2026-04-22T04:18:12.609,1920,1080
1019,1295556489075,2026-04-22T04:18:12.709,1920,1080
1020,1295557489058,2026-04-22T04:18:12.809,1920,1080
1021,1295558489041,2026-04-22T04:18:12.909,1920,1080
1022,1295559489027,2026-04-22T04:18:13.009,1920,1080
1023,1295560489002,2026-04-22T04:18:13.109,1920,1080
1024,1295561488983,2026-04-22T04:18:13.209,1920,1080
1025,1295562488969,2026-04-22T04:18:13.309,1920,1080
1026,1295563488967,2026-04-22T04:18:13.409,1920,1080
1027,1295564488958,2026-04-22T04:18:13.509,1920,1080
1028,1295565488956,2026-04-22T04:18:13.609,1920,1080
1029,1295566488932,2026-04-22T04:18:13.709,1920,1080
1030,1295567488927,2026-04-22T04:18:13.809,1920,1080
1031,1295568488905,2026-04-22T04:18:13.909,1920,1080
1032,1295569488897,2026-04-22T04:18:14.009,1920,1080
1033,1295570488874,2026-04-22T04:18:14.109,1920,1080
1034,1295571488847,2026-04-22T04:18:14.209,1920,1080
1035,1295572488825,2026-04-22T04:18:14.309,1920,1080
1036,1295573488811,2026-04-22T04:18:14.409,1920,1080
1037,1295574488786,2026-04-22T04:18:14.509,1920,1080
1038,1295575488786,2026-04-22T04:18:14.609,1920,1080
1039,1295576488770,2026-04-22T04:18:14.709,1920,1080
1040,1295577488763,2026-04-22T04:18:14.809,1920,1080
1041,1295578488751,2026-04-22T04:18:14.909,1920,1080
1042,1295579488740,2026-04-22T04:18:15.009,1920,1080
1043,1295580488736,2026-04-22T04:18:15.109,1920,1080
1044,1295581488699,2026-04-22T04:18:15.209,1920,1080
1045,1295582488679,2026-04-22T04:18:15.309,1920,1080
1046,1295583488666,2026-04-22T04:18:15.409,1920,1080
1047,1295584488638,2026-04-22T04:18:15.509,1920,1080
1048,1295585488620,2026-04-22T04:18:15.609,1920,1080
1049,1295586488604,2026-04-22T04:18:15.709,1920,1080
1050,1295587488583,2026-04-22T04:18:15.809,1920,1080
1051,1295588488564,2026-04-22T04:18:15.909,1920,1080
1052,1295589488540,2026-04-22T04:18:16.009,1920,1080
1053,1295590488516,2026-04-22T04:18:16.109,1920,1080
1054,1295591488499,2026-04-22T04:18:16.209,1920,1080
1055,1295592488492,2026-04-22T04:18:16.309,1920,1080
1056,1295593488474,2026-04-22T04:18:16.409,1920,1080
1057,1295594488462,2026-04-22T04:18:16.509,1920,1080
1058,1295595488448,2026-04-22T04:18:16.609,1920,1080
1059,1295596488432,2026-04-22T04:18:16.709,1920,1080
1060,1295597488414,2026-04-22T04:18:16.809,1920,1080
1061,1295598488410,2026-04-22T04:18:16.909,1920,1080
1062,1295599488390,2026-04-22T04:18:17.009,1920,1080
1063,1295600488372,2026-04-22T04:18:17.109,1920,1080
1064,1295601488352,2026-04-22T04:18:17.209,1920,1080
1065,1295602488348,2026-04-22T04:18:17.309,1920,1080
1066,1295603488331,2026-04-22T04:18:17.409,1920,1080
1067,1295604488315,2026-04-22T04:18:17.509,1920,1080
1068,1295605488303,2026-04-22T04:18:17.609,1920,1080
1069,1295606488288,2026-04-22T04:18:17.709,1920,1080
1070,1295607488273,2026-04-22T04:18:17.809,1920,1080
1071,1295608488273,2026-04-22T04:18:17.909,1920,1080
1072,1295609488268,2026-04-22T04:18:18.009,1920,1080
1073,1295610488270,2026-04-22T04:18:18.109,1920,1080
1074,1295611488256,2026-04-22T04:18:18.209,1920,1080
1075,1295612488252,2026-04-22T04:18:18.309,1920,1080
1076,1295613488237,2026-04-22T04:18:18.409,1920,1080
1077,1295614488214,2026-04-22T04:18:18.509,1920,1080
1078,1295615488200,2026-04-22T04:18:18.609,1920,1080
1079,1295616488180,2026-04-22T04:18:18.709,1920,1080
1080,1295617488166,2026-04-22T04:18:18.809,1920,1080
1081,1295618488150,2026-04-22T04:18:18.909,1920,1080
1082,1295619488143,2026-04-22T04:18:19.009,1920,1080
1083,1295620488143,2026-04-22T04:18:19.109,1920,1080
1084,1295621488136,2026-04-22T04:18:19.209,1920,1080
1085,1295622488144,2026-04-22T04:18:19.309,1920,1080
1086,1295623488143,2026-04-22T04:18:19.409,1920,1080
1087,1295624488135,2026-04-22T04:18:19.509,1920,1080
1088,1295625488132,2026-04-22T04:18:19.609,1920,1080
1089,1295626488125,2026-04-22T04:18:19.709,1920,1080
1090,1295627488121,2026-04-22T04:18:19.809,1920,1080
1091,1295628488105,2026-04-22T04:18:19.909,1920,1080
1092,1295629488085,2026-04-22T04:18:20.009,1920,1080
1093,1295630488081,2026-04-22T04:18:20.109,1920,1080
1094,1295631488067,2026-04-22T04:18:20.209,1920,1080
1095,1295632488051,2026-04-22T04:18:20.309,1920,1080
1096,1295633488038,2026-04-22T04:18:20.409,1920,1080
1097,1295634488018,2026-04-22T04:18:20.509,1920,1080
1098,1295635488003,2026-04-22T04:18:20.609,1920,1080
1099,1295636487985,2026-04-22T04:18:20.709,1920,1080
1100,1295637487965,2026-04-22T04:18:20.809,1920,1080
1101,1295638487948,2026-04-22T04:18:20.909,1920,1080
1102,1295639487926,2026-04-22T04:18:21.009,1920,1080
1103,1295640487915,2026-04-22T04:18:21.109,1920,1080
1104,1295641487894,2026-04-22T04:18:21.209,1920,1080
1105,1295642487895,2026-04-22T04:18:21.309,1920,1080
1106,1295643487884,2026-04-22T04:18:21.409,1920,1080
1107,1295644487863,2026-04-22T04:18:21.509,1920,1080
1108,1295645487854,2026-04-22T04:18:21.609,1920,1080
1109,1295646487840,2026-04-22T04:18:21.709,1920,1080
1110,1295647487826,2026-04-22T04:18:21.809,1920,1080
1111,1295648487809,2026-04-22T04:18:21.909,1920,1080
1112,1295649487783,2026-04-22T04:18:22.009,1920,1080
1113,1295650487761,2026-04-22T04:18:22.109,1920,1080
1114,1295651487743,2026-04-22T04:18:22.209,1920,1080
1115,1295652487737,2026-04-22T04:18:22.309,1920,1080
1116,1295653487724,2026-04-22T04:18:22.409,1920,1080
1117,1295654487706,2026-04-22T04:18:22.509,1920,1080
1118,1295655487701,2026-04-22T04:18:22.609,1920,1080
1119,1295656487681,2026-04-22T04:18:22.709,1920,1080
1120,1295657487672,2026-04-22T04:18:22.809,1920,1080
1121,1295658487660,2026-04-22T04:18:22.909,1920,1080
1122,1295659487651,2026-04-22T04:18:23.009,1920,1080
1123,1295660487642,2026-04-22T04:18:23.109,1920,1080
1124,1295661487620,2026-04-22T04:18:23.209,1920,1080
1125,1295662487615,2026-04-22T04:18:23.309,1920,1080
1126,1295663487610,2026-04-22T04:18:23.409,1920,1080
1127,1295664487599,2026-04-22T04:18:23.509,1920,1080
1128,1295665487597,2026-04-22T04:18:23.609,1920,1080
1129,1295666487583,2026-04-22T04:18:23.709,1920,1080
1130,1295667487572,2026-04-22T04:18:23.809,1920,1080
1131,1295668487565,2026-04-22T04:18:23.909,1920,1080
1132,1295669487556,2026-04-22T04:18:24.009,1920,1080
1133,1295670487551,2026-04-22T04:18:24.109,1920,1080
1134,1295671487536,2026-04-22T04:18:24.209,1920,1080
1135,1295672487531,2026-04-22T04:18:24.309,1920,1080
1136,1295673487527,2026-04-22T04:18:24.409,1920,1080
1137,1295674487525,2026-04-22T04:18:24.509,1920,1080
1138,1295675487517,2026-04-22T04:18:24.609,1920,1080
1139,1295676487497,2026-04-22T04:18:24.709,1920,1080
1140,1295677487487,2026-04-22T04:18:24.809,1920,1080
1141,1295678487478,2026-04-22T04:18:24.909,1920,1080
1142,1295679487468,2026-04-22T04:18:25.009,1920,1080
1143,1295680487463,2026-04-22T04:18:25.109,1920,1080
1144,1295681487447,2026-04-22T04:18:25.209,1920,1080
1145,1295682487441,2026-04-22T04:18:25.309,1920,1080
1146,1295683487421,2026-04-22T04:18:25.409,1920,1080
1147,1295684487420,2026-04-22T04:18:25.509,1920,1080
1148,1295685487412,2026-04-22T04:18:25.609,1920,1080
1149,1295686487407,2026-04-22T04:18:25.709,1920,1080
1150,1295687487390,2026-04-22T04:18:25.809,1920,1080
1151,1295688487369,2026-04-22T04:18:25.909,1920,1080
1152,1295689487357,2026-04-22T04:18:26.009,1920,1080
1153,1295690487343,2026-04-22T04:18:26.109,1920,1080
1154,1295691487323,2026-04-22T04:18:26.209,1920,1080
1155,1295692487309,2026-04-22T04:18:26.309,1920,1080
1156,1295693487286,2026-04-22T04:18:26.409,1920,1080
1157,1295694487271,2026-04-22T04:18:26.509,1920,1080
1158,1295695487260,2026-04-22T04:18:26.609,1920,1080
1159,1295696487244,2026-04-22T04:18:26.709,1920,1080
1160,1295697487232,2026-04-22T04:18:26.809,1920,1080
1161,1295698487229,2026-04-22T04:18:26.909,1920,1080
1162,1295699487210,2026-04-22T04:18:27.009,1920,1080
1163,1295700487196,2026-04-22T04:18:27.109,1920,1080
1164,1295701487180,2026-04-22T04:18:27.209,1920,1080
1165,1295702487170,2026-04-22T04:18:27.309,1920,1080
1166,1295703487158,2026-04-22T04:18:27.409,1920,1080
1167,1295704487135,2026-04-22T04:18:27.509,1920,1080
1168,1295705487129,2026-04-22T04:18:27.609,1920,1080
1169,1295706487100,2026-04-22T04:18:27.709,1920,1080
1170,1295707487075,2026-04-22T04:18:27.809,1920,1080
1171,1295708487046,2026-04-22T04:18:27.909,1920,1080
1172,1295709487017,2026-04-22T04:18:28.009,1920,1080
1173,1295710486989,2026-04-22T04:18:28.109,1920,1080
1174,1295711486960,2026-04-22T04:18:28.209,1920,1080
1175,1295712486932,2026-04-22T04:18:28.309,1920,1080
1176,1295713486906,2026-04-22T04:18:28.409,1920,1080
1177,1295714486881,2026-04-22T04:18:28.509,1920,1080
1178,1295715486857,2026-04-22T04:18:28.609,1920,1080
1179,1295716486835,2026-04-22T04:18:28.709,1920,1080
1180,1295717486828,2026-04-22T04:18:28.809,1920,1080
1181,1295718486842,2026-04-22T04:18:28.909,1920,1080
1182,1295719486842,2026-04-22T04:18:29.009,1920,1080
1183,1295720486837,2026-04-22T04:18:29.109,1920,1080
1184,1295721486841,2026-04-22T04:18:29.209,1920,1080
1185,1295722486831,2026-04-22T04:18:29.309,1920,1080
1186,1295723486833,2026-04-22T04:18:29.409,1920,1080
1187,1295724486836,2026-04-22T04:18:29.509,1920,1080
1188,1295725486845,2026-04-22T04:18:29.609,1920,1080
1189,1295726653509,2026-04-22T04:18:29.725,1920,1080
1190,1295727486854,2026-04-22T04:18:29.809,1920,1080
1191,1295728486849,2026-04-22T04:18:29.909,1920,1080
1192,1295729486850,2026-04-22T04:18:30.009,1920,1080
1193,1295730486848,2026-04-22T04:18:30.109,1920,1080
1194,1295731486846,2026-04-22T04:18:30.209,1920,1080
1195,1295732486834,2026-04-22T04:18:30.309,1920,1080
1196,1295733653507,2026-04-22T04:18:30.425,1920,1080
1197,1295734486840,2026-04-22T04:18:30.509,1920,1080
1198,1295735486834,2026-04-22T04:18:30.609,1920,1080
1199,1295736486826,2026-04-22T04:18:30.709,1920,1080
1200,1295737486821,2026-04-22T04:18:30.809,1920,1080
1201,1295738486815,2026-04-22T04:18:30.909,1920,1080
1202,1295739486809,2026-04-22T04:18:31.009,1920,1080
1203,1295740486803,2026-04-22T04:18:31.109,1920,1080
1204,1295741486802,2026-04-22T04:18:31.209,1920,1080
1205,1295742486791,2026-04-22T04:18:31.309,1920,1080
1206,1295743486792,2026-04-22T04:18:31.409,1920,1080
1207,1295744486780,2026-04-22T04:18:31.509,1920,1080
1208,1295745486780,2026-04-22T04:18:31.609,1920,1080
1209,1295746486770,2026-04-22T04:18:31.709,1920,1080
1210,1295747486760,2026-04-22T04:18:31.809,1920,1080
1211,1295748486753,2026-04-22T04:18:31.909,1920,1080
1212,1295749486745,2026-04-22T04:18:32.009,1920,1080
1213,1295750486727,2026-04-22T04:18:32.109,1920,1080
1214,1295751486702,2026-04-22T04:18:32.209,1920,1080
1215,1295752486690,2026-04-22T04:18:32.309,1920,1080
1216,1295753486659,2026-04-22T04:18:32.409,1920,1080
1217,1295754486629,2026-04-22T04:18:32.509,1920,1080
1218,1295755486602,2026-04-22T04:18:32.609,1920,1080
1219,1295756486573,2026-04-22T04:18:32.709,1920,1080
1220,1295757486544,2026-04-22T04:18:32.809,1920,1080
1221,1295758486511,2026-04-22T04:18:32.909,1920,1080
1222,1295759486482,2026-04-22T04:18:33.009,1920,1080
1223,1295760486463,2026-04-22T04:18:33.109,1920,1080
1224,1295761486450,2026-04-22T04:18:33.209,1920,1080
1225,1295762486429,2026-04-22T04:18:33.309,1920,1080
1226,1295763486413,2026-04-22T04:18:33.409,1920,1080
1227,1295764486391,2026-04-22T04:18:33.509,1920,1080
1228,1295765486373,2026-04-22T04:18:33.609,1920,1080
1229,1295766486350,2026-04-22T04:18:33.709,1920,1080
1230,1295767486333,2026-04-22T04:18:33.809,1920,1080
1231,1295768486316,2026-04-22T04:18:33.909,1920,1080
1232,1295769486305,2026-04-22T04:18:34.009,1920,1080
1233,1295770486303,2026-04-22T04:18:34.109,1920,1080
1234,1295771486289,2026-04-22T04:18:34.209,1920,1080
1235,1295772486283,2026-04-22T04:18:34.309,1920,1080
1236,1295773486276,2026-04-22T04:18:34.409,1920,1080
1237,1295774486275,2026-04-22T04:18:34.509,1920,1080
1238,1295775486254,2026-04-22T04:18:34.609,1920,1080
1239,1295776486250,2026-04-22T04:18:34.709,1920,1080
1240,1295777486239,2026-04-22T04:18:34.809,1920,1080
1241,1295778486221,2026-04-22T04:18:34.909,1920,1080
1242,1295779486210,2026-04-22T04:18:35.009,1920,1080
1243,1295780486197,2026-04-22T04:18:35.109,1920,1080
1244,1295781486187,2026-04-22T04:18:35.209,1920,1080
1245,1295782486180,2026-04-22T04:18:35.309,1920,1080
1246,1295783486175,2026-04-22T04:18:35.409,1920,1080
1247,1295784486177,2026-04-22T04:18:35.509,1920,1080
1248,1295785486170,2026-04-22T04:18:35.609,1920,1080
1249,1295786486162,2026-04-22T04:18:35.709,1920,1080
1250,1295787486141,2026-04-22T04:18:35.809,1920,1080
1251,1295788486134,2026-04-22T04:18:35.909,1920,1080
1252,1295789486128,2026-04-22T04:18:36.009,1920,1080
1253,1295790486112,2026-04-22T04:18:36.109,1920,1080
1254,1295791486102,2026-04-22T04:18:36.209,1920,1080
1255,1295792486100,2026-04-22T04:18:36.309,1920,1080
1256,1295793486099,2026-04-22T04:18:36.409,1920,1080
1257,1295794486088,2026-04-22T04:18:36.509,1920,1080
1258,1295795486081,2026-04-22T04:18:36.609,1920,1080
1259,1295796486062,2026-04-22T04:18:36.709,1920,1080
1260,1295797486055,2026-04-22T04:18:36.809,1920,1080
1261,1295798486037,2026-04-22T04:18:36.909,1920,1080
1262,1295799486018,2026-04-22T04:18:37.009,1920,1080
1263,1295800485989,2026-04-22T04:18:37.109,1920,1080
1264,1295801485969,2026-04-22T04:18:37.209,1920,1080
1265,1295802485945,2026-04-22T04:18:37.309,1920,1080
1266,1295803485917,2026-04-22T04:18:37.409,1920,1080
1267,1295804485895,2026-04-22T04:18:37.509,1920,1080
1268,1295805485885,2026-04-22T04:18:37.609,1920,1080
1269,1295806485865,2026-04-22T04:18:37.709,1920,1080
1270,1295807485855,2026-04-22T04:18:37.809,1920,1080
1271,1295808485835,2026-04-22T04:18:37.909,1920,1080
1272,1295809485822,2026-04-22T04:18:38.009,1920,1080
1273,1295810652466,2026-04-22T04:18:38.125,1920,1080
